HLCIT_CODE_DIST,DISTRICT,HLCIT_CODE_VDC,VDC_MUNICIPALITY,Sum of HOUSEHOLD
524 2 05 30,Dhadhing,524 2 05 30 5 001,Darkha,622
524 2 05 30,Dhadhing,524 2 05 30 5 002,Katunje,728
524 2 05 30,Dhadhing,524 2 05 30 5 003,Marpak,351
524 2 05 30,Dhadhing,524 2 05 30 5 004,Satyadevi,410
524 2 05 30,Dhadhing,524 2 05 30 5 005,Sertung,817
524 2 05 30,Dhadhing,524 2 05 30 5 007,Dhuwakot,501
524 2 05 30,Dhadhing,524 2 05 30 5 009,Baseri,446
524 2 05 30,Dhadhing,524 2 05 30 5 011,Gumdi,614
524 2 05 30,Dhadhing,524 2 05 30 5 013,Phulkharka,535
524 2 05 30,Dhadhing,524 2 05 30 5 014,Salyankot,88
524 2 05 30,Dhadhing,524 2 05 30 5 016,Jharlang,770
524 2 05 30,Dhadhing,524 2 05 30 5 017,Lapa,853
524 2 05 30,Dhadhing,524 2 05 30 5 018,Ree Gaun,1053
524 2 05 30,Dhadhing,524 2 05 30 5 019,Semjong,847
524 2 05 30,Dhadhing,524 2 05 30 5 020,Tipling,464
524 2 05 30,Dhadhing,524 2 05 30 5 023,Jyamrung,426
524 2 05 30,Dhadhing,524 2 05 30 5 026,Nilkantha,633
524 2 05 30,Dhadhing,524 2 05 30 5 027,Sangkosh,54
524 2 05 30,Dhadhing,524 2 05 30 5 028,Salang,462
524 2 05 30,Dhadhing,524 2 05 30 5 031,Kalleri,410
524 2 05 30,Dhadhing,524 2 05 30 5 032,Khalte,842
524 2 05 30,Dhadhing,524 2 05 30 5 033,Kumpur,266
524 2 05 30,Dhadhing,524 2 05 30 5 034,Nalang,122
524 2 05 30,Dhadhing,524 2 05 30 5 035,Sunaula Bazar,1011
524 2 05 30,Dhadhing,524 2 05 30 5 038,Dhussa,670
524 2 05 30,Dhadhing,524 2 05 30 5 039,Jogimara,495
524 2 05 30,Dhadhing,524 2 05 30 5 040,Mahadevsthan,1243
524 2 05 30,Dhadhing,524 2 05 30 5 041,Baireni,282
524 2 05 30,Dhadhing,524 2 05 30 5 042,Bhumesthan,728
524 2 05 30,Dhadhing,524 2 05 30 5 043,Gajuri,304
524 2 05 30,Dhadhing,524 2 05 30 5 044,Kiranchok,695
524 2 05 30,Dhadhing,524 2 05 30 5 045,Pida,641
524 2 05 30,Dhadhing,524 2 05 30 5 046,Tasarpu,561
524 2 05 30,Dhadhing,524 2 05 30 5 047,Chhatredeurali,644
524 2 05 30,Dhadhing,524 2 05 30 5 049,Naubise,2410
524 2 05 30,Dhadhing,524 2 05 30 5 050,Thakre,839
524 2 04 22,Dolakha,524 2 04 22 3 001,Bhimeshwor Municipality,6076
524 2 04 22,Dolakha,524 2 04 22 5 001,Bhirkot,447
524 2 04 22,Dolakha,524 2 04 22 5 002,Gairimudi,1000
524 2 04 22,Dolakha,524 2 04 22 5 003,Jiri,1899
524 2 04 22,Dolakha,524 2 04 22 5 004,Mirge,879
524 2 04 22,Dolakha,524 2 04 22 5 005,Namdu,877
524 2 04 22,Dolakha,524 2 04 22 5 006,Syama,440
524 2 04 22,Dolakha,524 2 04 22 5 007,Thulopatal,822
524 2 04 22,Dolakha,524 2 04 22 5 008,Chankhu,347
524 2 04 22,Dolakha,524 2 04 22 5 009,Jhyaku,998
524 2 04 22,Dolakha,524 2 04 22 5 010,Jungu,938
524 2 04 22,Dolakha,524 2 04 22 5 011,Kabhre,1191
524 2 04 22,Dolakha,524 2 04 22 5 012,Suri,734
524 2 04 22,Dolakha,524 2 04 22 5 013,Malu,225
524 2 04 22,Dolakha,524 2 04 22 5 014,Chyama,473
524 2 04 22,Dolakha,524 2 04 22 5 015,Hawa,381
524 2 04 22,Dolakha,524 2 04 22 5 016,Japhe,431
524 2 04 22,Dolakha,524 2 04 22 5 017,Jhule,547
524 2 04 22,Dolakha,524 2 04 22 5 018,Sahare,392
524 2 04 22,Dolakha,524 2 04 22 5 019,Melung,307
524 2 04 22,Dolakha,524 2 04 22 5 020,Pawati,888
524 2 04 22,Dolakha,524 2 04 22 5 021,Gauri Sankar,287
524 2 04 22,Dolakha,524 2 04 22 5 022,Khare,432
524 2 04 22,Dolakha,524 2 04 22 5 023,Marbu,331
524 2 04 22,Dolakha,524 2 04 22 5 024,Bhedapu,525
524 2 04 22,Dolakha,524 2 04 22 5 025,Dandakharka,946
524 2 04 22,Dolakha,524 2 04 22 5 026,Ghyang Sukathokar,864
524 2 04 22,Dolakha,524 2 04 22 5 027,Lamabagar,536
524 2 04 22,Dolakha,524 2 04 22 5 028,Bocha,775
524 2 04 22,Dolakha,524 2 04 22 5 029,Alampu,413
524 2 04 22,Dolakha,524 2 04 22 5 030,Lakuridanda,924
524 2 04 22,Dolakha,524 2 04 22 5 031,Chhetrapa,553
524 2 04 22,Dolakha,524 2 04 22 5 032,Mali,693
524 2 04 22,Dolakha,524 2 04 22 5 033,Suspa Kshyamawati,864
524 2 04 22,Dolakha,524 2 04 22 5 034,Babare,794
524 2 04 22,Dolakha,524 2 04 22 5 035,Lamidanda,677
524 2 04 22,Dolakha,524 2 04 22 5 036,Lapilang,1206
524 2 04 22,Dolakha,524 2 04 22 5 037,Sundrawati,677
524 2 04 22,Dolakha,524 2 04 22 5 038,Sunkhani,1070
524 2 04 22,Dolakha,524 2 04 22 5 039,Bigu,406
524 2 04 22,Dolakha,524 2 04 22 5 040,Chilankha,661
524 2 04 22,Dolakha,524 2 04 22 5 041,Kalinchowk,541
524 2 04 22,Dolakha,524 2 04 22 5 042,Khopachagu,476
524 2 04 22,Dolakha,524 2 04 22 5 043,Laduk,928
524 2 04 22,Dolakha,524 2 04 22 5 044,Tamchet Dudhpokhari,596
524 2 04 22,Dolakha,524 2 04 22 5 045,Katakuti,955
524 2 04 22,Dolakha,524 2 04 22 5 046,Magapauwa,780
524 2 04 22,Dolakha,524 2 04 22 5 047,Bhusafeda,519
524 2 04 22,Dolakha,524 2 04 22 5 048,Fasku,777
524 2 04 22,Dolakha,524 2 04 22 5 049,Orang,440
524 2 04 22,Dolakha,524 2 04 22 5 050,Sailungeswor,991
524 2 04 22,Dolakha,524 2 04 22 5 051,Bulung,510
524 3 07 36,Gorkha,524 3 07 36 5 006,Darbung,340
524 3 07 36,Gorkha,524 3 07 36 5 010,Bakrang,367
524 3 07 36,Gorkha,524 3 07 36 5 011,Tanglichok,257
524 3 07 36,Gorkha,524 3 07 36 5 012,Ghyalchok,191
524 3 07 36,Gorkha,524 3 07 36 5 014,Makaising,63
524 3 07 36,Gorkha,524 3 07 36 5 015,Manakamana,208
524 3 07 36,Gorkha,524 3 07 36 5 016,Taklung,160
524 3 07 36,Gorkha,524 3 07 36 5 017,Bhumlichok,235
524 3 07 36,Gorkha,524 3 07 36 5 019,Hansapur,832
524 3 07 36,Gorkha,524 3 07 36 5 021,Jaubari,490
524 3 07 36,Gorkha,524 3 07 36 5 022,Kerabari,226
524 3 07 36,Gorkha,524 3 07 36 5 023,Kharibot,464
524 3 07 36,Gorkha,524 3 07 36 5 024,Thalajung,226
524 3 07 36,Gorkha,524 3 07 36 5 026,Chhoprak,437
524 3 07 36,Gorkha,524 3 07 36 5 028,Gankhu,39
524 3 07 36,Gorkha,524 3 07 36 5 032,Shreenathkot,199
524 3 07 36,Gorkha,524 3 07 36 5 035,Simjung,233
524 3 07 36,Gorkha,524 3 07 36 5 036,Muchhok,244
524 3 07 36,Gorkha,524 3 07 36 5 037,Bihi,208
524 3 07 36,Gorkha,524 3 07 36 5 038,Chhekampar,263
524 3 07 36,Gorkha,524 3 07 36 5 039,Chumchet,266
524 3 07 36,Gorkha,524 3 07 36 5 040,Lho,256
524 3 07 36,Gorkha,524 3 07 36 5 041,Prok,187
524 3 07 36,Gorkha,524 3 07 36 5 042,Samagaun,197
524 3 07 36,Gorkha,524 3 07 36 5 043,Sirdibas,572
524 3 07 36,Gorkha,524 3 07 36 5 044,Gumda,535
524 3 07 36,Gorkha,524 3 07 36 5 045,Kashigaun,414
524 3 07 36,Gorkha,524 3 07 36 5 046,Kerauja,773
524 3 07 36,Gorkha,524 3 07 36 5 047,Laprak,529
524 3 07 36,Gorkha,524 3 07 36 5 048,Lapu,450
524 3 07 36,Gorkha,524 3 07 36 5 049,Manbu,1258
524 3 07 36,Gorkha,524 3 07 36 5 050,Thumi,623
524 3 07 36,Gorkha,524 3 07 36 5 051,Uhiya,427
524 3 07 36,Gorkha,524 3 07 36 5 056,Panchkhuwa Deurali,94
524 3 07 36,Gorkha,524 3 07 36 5 060,Aaru Arbang,547
524 3 07 36,Gorkha,524 3 07 36 5 061,Saurpani,1095
524 3 07 36,Gorkha,524 3 07 36 5 062,Swara,656
524 3 07 36,Gorkha,524 3 07 36 5 064,Takumajh Lakuribot,34
524 3 07 36,Gorkha,524 3 07 36 5 065,Barpak,1069
524 3 07 36,Gorkha,524 3 07 36 5 066,Ghyachok,416
524 2 05 27,Kathmandu,524 2 05 27 3 002,Kirtipur Municipality,1204
524 2 05 27,Kathmandu,524 2 05 27 5 001,Naglebhare,566
524 2 05 27,Kathmandu,524 2 05 27 5 002,Lapsiphedi,1065
524 2 05 27,Kathmandu,524 2 05 27 5 003,Bajrayogini  Sankhu,664
524 2 05 27,Kathmandu,524 2 05 27 5 004,Suntol,643
524 2 05 27,Kathmandu,524 2 05 27 5 013,Gagalphedi,740
524 2 05 27,Kathmandu,524 2 05 27 5 014,Sundarijal,491
524 2 05 27,Kathmandu,524 2 05 27 5 015,Nayapati,408
524 2 05 27,Kathmandu,524 2 05 27 5 016,Chunikhel,353
524 2 05 27,Kathmandu,524 2 05 27 5 017,Kapan,383
524 2 05 27,Kathmandu,524 2 05 27 5 018,Chapali Bhadrakali,2166
524 2 05 27,Kathmandu,524 2 05 27 5 019,Budanilkantha,1123
524 2 05 27,Kathmandu,524 2 05 27 5 022,Baluwa,1011
524 2 05 27,Kathmandu,524 2 05 27 5 024,Jhor Mahankal,713
524 2 05 27,Kathmandu,524 2 05 27 5 026,Tokha Chandeswori,271
524 2 05 27,Kathmandu,524 2 05 27 5 029,Kabhresthali,560
524 2 05 27,Kathmandu,524 2 05 27 5 030,Sangla,469
524 2 05 27,Kathmandu,524 2 05 27 5 032,Jitpurphedi,1103
524 2 05 27,Kathmandu,524 2 05 27 5 035,Goldhunga,785
524 2 05 27,Kathmandu,524 2 05 27 5 036,Ichang Narayan,3960
524 2 05 27,Kathmandu,524 2 05 27 5 037,Bhimdhunga,547
524 2 05 27,Kathmandu,524 2 05 27 5 038,Ramkot,1045
524 2 05 27,Kathmandu,524 2 05 27 5 039,Sitapaila,563
524 2 05 27,Kathmandu,524 2 05 27 5 040,Dahachok,878
524 2 05 27,Kathmandu,524 2 05 27 5 041,Seuchatar,294
524 2 05 27,Kathmandu,524 2 05 27 5 042,Baad Bhanjyang,645
524 2 05 27,Kathmandu,524 2 05 27 5 043,Naikap Purano Bhanjyang,204
524 2 05 27,Kathmandu,524 2 05 27 5 044,Thankot,1202
524 2 05 27,Kathmandu,524 2 05 27 5 045,Balambu,77
524 2 05 27,Kathmandu,524 2 05 27 5 046,Mahadevathan,1169
524 2 05 27,Kathmandu,524 2 05 27 5 048,Matatirtha,1413
524 2 05 27,Kathmandu,524 2 05 27 5 049,Machhegaun,303
524 2 05 27,Kathmandu,524 2 05 27 5 050,Chalnakhel,879
524 2 05 27,Kathmandu,524 2 05 27 5 051,Talkududechour,648
524 2 05 27,Kathmandu,524 2 05 27 5 052,Sheshnarayan,844
524 2 05 27,Kathmandu,524 2 05 27 5 053,Setidevi,433
524 2 05 27,Kathmandu,524 2 05 27 5 054,Daxinkali,984
524 2 05 27,Kathmandu,524 2 05 27 5 055,Chhaimale,888
524 2 05 24,Kavre,524 2 05 24 3 001,Dhulikhel Municipality,3068
524 2 05 24,Kavre,524 2 05 24 3 002,Panauti Municipality,5745
524 2 05 24,Kavre,524 2 05 24 3 003,Banepa Municipality,2091
524 2 05 24,Kavre,524 2 05 24 5 001,Sarasyunkhark,606
524 2 05 24,Kavre,524 2 05 24 5 002,Foksingtar,172
524 2 05 24,Kavre,524 2 05 24 5 003,Birtadeurali,34
524 2 05 24,Kavre,524 2 05 24 5 004,Dhuseni Siwalaya,224
524 2 05 24,Kavre,524 2 05 24 5 005,Gothpani,455
524 2 05 24,Kavre,524 2 05 24 5 006,Katike Deurali,102
524 2 05 24,Kavre,524 2 05 24 5 008,Majhi Feda,385
524 2 05 24,Kavre,524 2 05 24 5 009,Nagre Gagarche,343
524 2 05 24,Kavre,524 2 05 24 5 010,Sanowangthali,343
524 2 05 24,Kavre,524 2 05 24 5 011,Bolde Fediche,94
524 2 05 24,Kavre,524 2 05 24 5 012,Kuruwas Chapakhori,457
524 2 05 24,Kavre,524 2 05 24 5 013,Kanpur Kalapani,840
524 2 05 24,Kavre,524 2 05 24 5 014,Katunje Besi,72
524 2 05 24,Kavre,524 2 05 24 5 015,Machchhegaun,997
524 2 05 24,Kavre,524 2 05 24 5 017,Pokhari Narayansthan,550
524 2 05 24,Kavre,524 2 05 24 5 018,Sankhupati Chour,722
524 2 05 24,Kavre,524 2 05 24 5 019,Saramthali,158
524 2 05 24,Kavre,524 2 05 24 5 020,Thulo Parsel,201
524 2 05 24,Kavre,524 2 05 24 5 021,Balting,477
524 2 05 24,Kavre,524 2 05 24 5 022,Kharpachok,75
524 2 05 24,Kavre,524 2 05 24 5 023,Mangaltar,550
524 2 05 24,Kavre,524 2 05 24 5 024,Sipali Chilaune,574
524 2 05 24,Kavre,524 2 05 24 5 025,Bhimkhori,803
524 2 05 24,Kavre,524 2 05 24 5 026,Banakhu Chor,367
524 2 05 24,Kavre,524 2 05 24 5 027,Budhakhani,571
524 2 05 24,Kavre,524 2 05 24 5 028,Ghartichhap,23
524 2 05 24,Kavre,524 2 05 24 5 029,Gokule,306
524 2 05 24,Kavre,524 2 05 24 5 030,Khahare Pangu,506
524 2 05 24,Kavre,524 2 05 24 5 031,Mahadevtar,381
524 2 05 24,Kavre,524 2 05 24 5 032,Mahankal Chaur,787
524 2 05 24,Kavre,524 2 05 24 5 033,Sikhar Ambote,534
524 2 05 24,Kavre,524 2 05 24 5 034,Sisakhani,277
524 2 05 24,Kavre,524 2 05 24 5 035,Dapcha Chatrebhanjh,506
524 2 05 24,Kavre,524 2 05 24 5 036,Khanalthok,489
524 2 05 24,Kavre,524 2 05 24 5 037,Daraune Pokhari,400
524 2 05 24,Kavre,524 2 05 24 5 038,Kavre Nitya Chandeswor,677
524 2 05 24,Kavre,524 2 05 24 5 039,Mathurapati Fulbari,674
524 2 05 24,Kavre,524 2 05 24 5 040,Patalekhet,385
524 2 05 24,Kavre,524 2 05 24 5 041,Puranogaun Dapcha,443
524 2 05 24,Kavre,524 2 05 24 5 042,Pokhari Chauri,349
524 2 05 24,Kavre,524 2 05 24 5 043,Sarada Batase,473
524 2 05 24,Kavre,524 2 05 24 5 044,Simalchour Syampati,832
524 2 05 24,Kavre,524 2 05 24 5 045,Milche,130
524 2 05 24,Kavre,524 2 05 24 5 046,Dandagaun,293
524 2 05 24,Kavre,524 2 05 24 5 047,Chalal Ganeshsthan,864
524 2 05 24,Kavre,524 2 05 24 5 048,Falemetar,578
524 2 05 24,Kavre,524 2 05 24 5 049,Saldhara,144
524 2 05 24,Kavre,524 2 05 24 5 050,Salmechakala  Taldhunga,14
524 2 05 24,Kavre,524 2 05 24 5 051,Baldthali,505
524 2 05 24,Kavre,524 2 05 24 5 052,Chyamrangbesi,231
524 2 05 24,Kavre,524 2 05 24 5 053,Chyasing Kharka,611
524 2 05 24,Kavre,524 2 05 24 5 054,Dhunkharka,1035
524 2 05 24,Kavre,524 2 05 24 5 055,Ugrachandi Nala,1218
524 2 05 24,Kavre,524 2 05 24 5 056,Nasikasthan Sanga,1305
524 2 05 24,Kavre,524 2 05 24 5 057,Tukucha Nala,1029
524 2 05 24,Kavre,524 2 05 24 5 058,Ugratara Janagal,1634
524 2 05 24,Kavre,524 2 05 24 5 059,Baluwapati Deupur,1292
524 2 05 24,Kavre,524 2 05 24 5 061,Nayagaun Deupur,315
524 2 05 24,Kavre,524 2 05 24 5 062,Kushadevi,1549
524 2 05 24,Kavre,524 2 05 24 5 063,Kalati Bhumidanda,766
524 2 05 24,Kavre,524 2 05 24 5 064,Ryale,977
524 2 05 24,Kavre,524 2 05 24 5 065,Mahendra Jyoti,661
524 2 05 24,Kavre,524 2 05 24 5 066,Ravi Opi,511
524 2 05 24,Kavre,524 2 05 24 5 067,Anekot,230
524 2 05 24,Kavre,524 2 05 24 5 068,Chandeni Mandan,101
524 2 05 24,Kavre,524 2 05 24 5 069,Devitar,301
524 2 05 24,Kavre,524 2 05 24 5 070,Jaisithok Mandan,41
524 2 05 24,Kavre,524 2 05 24 5 071,Jyamdi Mandan,129
524 2 05 24,Kavre,524 2 05 24 5 074,Kolati Bhumlu,66
524 2 05 24,Kavre,524 2 05 24 5 075,Bhumlutar,190
524 2 05 24,Kavre,524 2 05 24 5 076,Choubas,487
524 2 05 24,Kavre,524 2 05 24 5 082,Falate Bhumlu,134
524 2 05 24,Kavre,524 2 05 24 5 083,Salle Bhumlu,402
524 2 05 24,Kavre,524 2 05 24 5 084,Saping,387
524 2 05 24,Kavre,524 2 05 24 5 086,Bekhsimle Ghartigaun,256
524 2 05 24,Kavre,524 2 05 24 5 087,Simthali,240
524 2 05 25,Lalitpur,524 2 05 25 5 001,Bhattedanda,429
524 2 05 25,Lalitpur,524 2 05 25 5 002,Dalchoki,269
524 2 05 25,Lalitpur,524 2 05 25 5 003,Dhusel,308
524 2 05 25,Lalitpur,524 2 05 25 5 004,Lele,1822
524 2 05 25,Lalitpur,524 2 05 25 5 005,Malta,326
524 2 05 25,Lalitpur,524 2 05 25 5 006,Nallu,460
524 2 05 25,Lalitpur,524 2 05 25 5 007,Pyutar,176
524 2 05 25,Lalitpur,524 2 05 25 5 008,Bhardev,430
524 2 05 25,Lalitpur,524 2 05 25 5 009,Bukhel,334
524 2 05 25,Lalitpur,524 2 05 25 5 010,Choughare,380
524 2 05 25,Lalitpur,524 2 05 25 5 011,Ikudol,387
524 2 05 25,Lalitpur,524 2 05 25 5 012,Manikhel,396
524 2 05 25,Lalitpur,524 2 05 25 5 013,Sankhu,462
524 2 05 25,Lalitpur,524 2 05 25 5 014,Ashrang,62
524 2 05 25,Lalitpur,524 2 05 25 5 015,Chandanpur,198
524 2 05 25,Lalitpur,524 2 05 25 5 016,Gimdi,222
524 2 05 25,Lalitpur,524 2 05 25 5 017,Gotikhel,403
524 2 05 25,Lalitpur,524 2 05 25 5 018,Kaleswor,296
524 2 05 25,Lalitpur,524 2 05 25 5 019,Thuladurlung,127
524 2 05 25,Lalitpur,524 2 05 25 5 020,Dukuchhap,237
524 2 05 25,Lalitpur,524 2 05 25 5 021,Chhampi,530
524 2 05 25,Lalitpur,524 2 05 25 5 022,Chapagaun,1472
524 2 05 25,Lalitpur,524 2 05 25 5 023,Badikhel,490
524 2 05 25,Lalitpur,524 2 05 25 5 024,Jharuwarasi,224
524 2 05 25,Lalitpur,524 2 05 25 5 025,Godawari,1161
524 2 05 25,Lalitpur,524 2 05 25 5 026,Godamchaur,260
524 2 05 25,Lalitpur,524 2 05 25 5 027,Bisankhunarayan,1047
524 2 05 25,Lalitpur,524 2 05 25 5 028,Lamatar,1052
524 2 05 25,Lalitpur,524 2 05 25 5 029,Lubhu,774
524 2 05 25,Lalitpur,524 2 05 25 5 041,Devichour,547
524 2 06 31,Makwanpur,524 2 06 31 5 001,Thingan,179
524 2 06 31,Makwanpur,524 2 06 31 5 003,Sukaura,393
524 2 06 31,Makwanpur,524 2 06 31 5 004,Ambhanjyang,612
524 2 06 31,Makwanpur,524 2 06 31 5 015,Budhichaur,284
524 2 06 31,Makwanpur,524 2 06 31 5 016,Basamadi,361
524 2 06 31,Makwanpur,524 2 06 31 5 018,Sarikhet Palase,439
524 2 06 31,Makwanpur,524 2 06 31 5 019,Raksirang,144
524 2 06 31,Makwanpur,524 2 06 31 5 020,Kankada,942
524 2 06 31,Makwanpur,524 2 06 31 5 023,Khairang,474
524 2 06 31,Makwanpur,524 2 06 31 5 024,Bharta Pundyadevi,226
524 2 06 31,Makwanpur,524 2 06 31 5 025,Kalikatar,324
524 2 06 31,Makwanpur,524 2 06 31 5 026,Namtar,1228
524 2 06 31,Makwanpur,524 2 06 31 5 027,Bhaise,865
524 2 06 31,Makwanpur,524 2 06 31 5 028,Dandakharka,655
524 2 06 31,Makwanpur,524 2 06 31 5 029,Palung,1236
524 2 06 31,Makwanpur,524 2 06 31 5 030,Daman,1913
524 2 06 31,Makwanpur,524 2 06 31 5 031,Gogane,766
524 2 06 31,Makwanpur,524 2 06 31 5 032,Agara,1407
524 2 06 31,Makwanpur,524 2 06 31 5 033,Tistung Deurali,1405
524 2 06 31,Makwanpur,524 2 06 31 5 034,Markhu,634
524 2 06 31,Makwanpur,524 2 06 31 5 035,Bajrabarahi,1630
524 2 06 31,Makwanpur,524 2 06 31 5 036,Chitlang,1172
524 2 06 31,Makwanpur,524 2 06 31 5 037,Kulekhani,533
524 2 06 31,Makwanpur,524 2 06 31 5 038,Bhimfedi,929
524 2 06 31,Makwanpur,524 2 06 31 5 039,Nibuwatar,561
524 2 06 31,Makwanpur,524 2 06 31 5 040,Fakhel,1011
524 2 06 31,Makwanpur,524 2 06 31 5 041,Sisneri Mahadevsthan,626
524 2 06 31,Makwanpur,524 2 06 31 5 042,Kogate,280
524 2 06 31,Makwanpur,524 2 06 31 5 043,Ipa Panchakanya,420
524 2 05 28,Nuwakot,524 2 05 28 5 001,Chauthe,324
524 2 05 28,Nuwakot,524 2 05 28 5 002,Duipipal,488
524 2 05 28,Nuwakot,524 2 05 28 5 003,Kakani,1293
524 2 05 28,Nuwakot,524 2 05 28 5 004,Kumari,1138
524 2 05 28,Nuwakot,524 2 05 28 5 005,Okharpauwa,1290
524 2 05 28,Nuwakot,524 2 05 28 5 006,Sunkhani,151
524 2 05 28,Nuwakot,524 2 05 28 5 007,Thanapati,160
524 2 05 28,Nuwakot,524 2 05 28 5 008,Belkot,863
524 2 05 28,Nuwakot,524 2 05 28 5 009,Talakhu,688
524 2 05 28,Nuwakot,524 2 05 28 5 010,Chaturale,221
524 2 05 28,Nuwakot,524 2 05 28 5 011,Jiling,450
524 2 05 28,Nuwakot,524 2 05 28 5 012,Madanpur,619
524 2 05 28,Nuwakot,524 2 05 28 5 014,Thansing,252
524 2 05 28,Nuwakot,524 2 05 28 5 015,Chhap,448
524 2 05 28,Nuwakot,524 2 05 28 5 016,Samundradevi,322
524 2 05 28,Nuwakot,524 2 05 28 5 017,Likhu,450
524 2 05 28,Nuwakot,524 2 05 28 5 018,Mahakali,443
524 2 05 28,Nuwakot,524 2 05 28 5 019,Sikre,190
524 2 05 28,Nuwakot,524 2 05 28 5 021,Balkumari,426
524 2 05 28,Nuwakot,524 2 05 28 5 022,Betini,873
524 2 05 28,Nuwakot,524 2 05 28 5 023,Gaunkharka,628
524 2 05 28,Nuwakot,524 2 05 28 5 024,Panchakanya,232
524 2 05 28,Nuwakot,524 2 05 28 5 025,Rautbesi,499
524 2 05 28,Nuwakot,524 2 05 28 5 026,Thaprek,513
524 2 05 28,Nuwakot,524 2 05 28 5 027,Bhadrutar,261
524 2 05 28,Nuwakot,524 2 05 28 5 030,Ghyangphedi,604
524 2 05 28,Nuwakot,524 2 05 28 5 031,Ralukadevi,597
524 2 05 28,Nuwakot,524 2 05 28 5 032,Samundratar,205
524 2 05 28,Nuwakot,524 2 05 28 5 033,Shikharbesi,650
524 2 05 28,Nuwakot,524 2 05 28 5 034,Sundaradevi,139
524 2 05 28,Nuwakot,524 2 05 28 5 035,Urleni,768
524 2 05 28,Nuwakot,524 2 05 28 5 036,Bageswori,535
524 2 05 28,Nuwakot,524 2 05 28 5 038,Gerkhu,391
524 2 05 28,Nuwakot,524 2 05 28 5 042,Lachyang,715
524 2 05 28,Nuwakot,524 2 05 28 5 043,Narjamandap,208
524 2 05 28,Nuwakot,524 2 05 28 5 044,Budhasing,100
524 2 05 28,Nuwakot,524 2 05 28 5 045,Charghare,273
524 2 05 28,Nuwakot,524 2 05 28 5 046,Dangsing,357
524 2 05 28,Nuwakot,524 2 05 28 5 047,Gorsyang,286
524 2 05 28,Nuwakot,524 2 05 28 5 048,Khadag Bhanjyang,87
524 2 05 28,Nuwakot,524 2 05 28 5 049,Taruka,205
524 2 05 28,Nuwakot,524 2 05 28 5 050,Barsunchet,97
524 2 05 28,Nuwakot,524 2 05 28 5 051,Bungtang,522
524 2 05 28,Nuwakot,524 2 05 28 5 052,Deurali,881
524 2 05 28,Nuwakot,524 2 05 28 5 053,Kalyanpur,562
524 2 05 28,Nuwakot,524 2 05 28 5 054,Kimtang,403
524 2 05 28,Nuwakot,524 2 05 28 5 055,Samari,1207
524 2 05 28,Nuwakot,524 2 05 28 5 056,Bhalche,754
524 2 05 28,Nuwakot,524 2 05 28 5 057,Manakamana,62
524 2 05 28,Nuwakot,524 2 05 28 5 058,Kaule,739
524 2 05 28,Nuwakot,524 2 05 28 5 059,Fikuri,636
524 2 05 28,Nuwakot,524 2 05 28 5 060,Salme,422
524 2 05 28,Nuwakot,524 2 05 28 5 061,Tupche,161
524 1 03 13,Okhaldhunga,524 1 03 13 5 001,Barnalu,694
524 1 03 13,Okhaldhunga,524 1 03 13 5 002,Jyamire,212
524 1 03 13,Okhaldhunga,524 1 03 13 5 003,Okhaldhunga,1358
524 1 03 13,Okhaldhunga,524 1 03 13 5 005,Salleri,326
524 1 03 13,Okhaldhunga,524 1 03 13 5 006,Diyale,47
524 1 03 13,Okhaldhunga,524 1 03 13 5 007,Kuibhir,224
524 1 03 13,Okhaldhunga,524 1 03 13 5 008,Mamkha,425
524 1 03 13,Okhaldhunga,524 1 03 13 5 009,Pokhare,35
524 1 03 13,Okhaldhunga,524 1 03 13 5 010,Ratmata,248
524 1 03 13,Okhaldhunga,524 1 03 13 5 011,Serna,174
524 1 03 13,Okhaldhunga,524 1 03 13 5 012,Bhadaure,160
524 1 03 13,Okhaldhunga,524 1 03 13 5 013,Taluwa,184
524 1 03 13,Okhaldhunga,524 1 03 13 5 014,Thulachhap,381
524 1 03 13,Okhaldhunga,524 1 03 13 5 015,Baruneshwor,575
524 1 03 13,Okhaldhunga,524 1 03 13 5 016,Bigutar,533
524 1 03 13,Okhaldhunga,524 1 03 13 5 017,Jantarkhani,388
524 1 03 13,Okhaldhunga,524 1 03 13 5 018,Kuntadevi,142
524 1 03 13,Okhaldhunga,524 1 03 13 5 019,Ragadeep,336
524 1 03 13,Okhaldhunga,524 1 03 13 5 020,Harkapur,369
524 1 03 13,Okhaldhunga,524 1 03 13 5 021,Prapcha,99
524 1 03 13,Okhaldhunga,524 1 03 13 5 022,Shreechaur,548
524 1 03 13,Okhaldhunga,524 1 03 13 5 023,Bhussinga,322
524 1 03 13,Okhaldhunga,524 1 03 13 5 024,Khijifalate,706
524 1 03 13,Okhaldhunga,524 1 03 13 5 025,Khiji Chandeshwori,275
524 1 03 13,Okhaldhunga,524 1 03 13 5 026,Ragani,651
524 1 03 13,Okhaldhunga,524 1 03 13 5 027,Rawadolu,337
524 1 03 13,Okhaldhunga,524 1 03 13 5 028,Palte,719
524 1 03 13,Okhaldhunga,524 1 03 13 5 029,Baksa,303
524 1 03 13,Okhaldhunga,524 1 03 13 5 030,Moli,140
524 1 03 13,Okhaldhunga,524 1 03 13 5 031,Ubu,290
524 1 03 13,Okhaldhunga,524 1 03 13 5 032,Betini,284
524 1 03 13,Okhaldhunga,524 1 03 13 5 033,Madhavpur,303
524 1 03 13,Okhaldhunga,524 1 03 13 5 034,Manebhanjyang,477
524 1 03 13,Okhaldhunga,524 1 03 13 5 035,Thakle,111
524 1 03 13,Okhaldhunga,524 1 03 13 5 036,Toksel,234
524 1 03 13,Okhaldhunga,524 1 03 13 5 037,Sisneri,495
524 1 03 13,Okhaldhunga,524 1 03 13 5 038,Katunje,673
524 1 03 13,Okhaldhunga,524 1 03 13 5 039,Mulkharka,599
524 1 03 13,Okhaldhunga,524 1 03 13 5 040,Chyanam,380
524 1 03 13,Okhaldhunga,524 1 03 13 5 041,Balakhu,357
524 1 03 13,Okhaldhunga,524 1 03 13 5 042,Bilandu,484
524 1 03 13,Okhaldhunga,524 1 03 13 5 043,Kalikadevi,256
524 1 03 13,Okhaldhunga,524 1 03 13 5 044,Palapu,390
524 1 03 13,Okhaldhunga,524 1 03 13 5 045,Fediguth,769
524 1 03 13,Okhaldhunga,524 1 03 13 5 046,Fulbari,530
524 1 03 13,Okhaldhunga,524 1 03 13 5 047,Gamnangtar,388
524 1 03 13,Okhaldhunga,524 1 03 13 5 048,Narmedeshwor,52
524 1 03 13,Okhaldhunga,524 1 03 13 5 049,Raniban,289
524 1 03 13,Okhaldhunga,524 1 03 13 5 050,Singhadevi,99
524 1 03 13,Okhaldhunga,524 1 03 13 5 051,Tarkerabari,142
524 1 03 13,Okhaldhunga,524 1 03 13 5 052,Yasam,235
524 1 03 13,Okhaldhunga,524 1 03 13 5 053,Pokali,523
524 1 03 13,Okhaldhunga,524 1 03 13 5 054,Andheri Narayansthan,393
524 1 03 13,Okhaldhunga,524 1 03 13 5 055,Khigikati,311
524 1 03 13,Okhaldhunga,524 1 03 13 5 056,Ketuke,593
524 2 04 21,Ramechhap,524 2 04 21 5 001,Ramechhap,518
524 2 04 21,Ramechhap,524 2 04 21 5 002,Kathjor,236
524 2 04 21,Ramechhap,524 2 04 21 5 003,Salu,600
524 2 04 21,Ramechhap,524 2 04 21 5 005,Okhreni,632
524 2 04 21,Ramechhap,524 2 04 21 5 006,Deurali,383
524 2 04 21,Ramechhap,524 2 04 21 5 007,Himganga,365
524 2 04 21,Ramechhap,524 2 04 21 5 008,Rampur,334
524 2 04 21,Ramechhap,524 2 04 21 5 009,Sanghutar,16
524 2 04 21,Ramechhap,524 2 04 21 5 010,Sukajor,341
524 2 04 21,Ramechhap,524 2 04 21 5 011,Bhujee,538
524 2 04 21,Ramechhap,524 2 04 21 5 012,Bijulikot,862
524 2 04 21,Ramechhap,524 2 04 21 5 013,Duragaun,652
524 2 04 21,Ramechhap,524 2 04 21 5 014,Gothgaun,336
524 2 04 21,Ramechhap,524 2 04 21 5 015,Gupteshwor,361
524 2 04 21,Ramechhap,524 2 04 21 5 016,Pritee,1128
524 2 04 21,Ramechhap,524 2 04 21 5 017,Saipu,303
524 2 04 21,Ramechhap,524 2 04 21 5 018,Bamti Bhandar,739
524 2 04 21,Ramechhap,524 2 04 21 5 019,Chuchure,585
524 2 04 21,Ramechhap,524 2 04 21 5 020,Gumdel,497
524 2 04 21,Ramechhap,524 2 04 21 5 021,Kubukasthali,606
524 2 04 21,Ramechhap,524 2 04 21 5 022,Rasanalu,1026
524 2 04 21,Ramechhap,524 2 04 21 5 023,Those,606
524 2 04 21,Ramechhap,524 2 04 21 5 024,Betali,739
524 2 04 21,Ramechhap,524 2 04 21 5 025,Khimti,518
524 2 04 21,Ramechhap,524 2 04 21 5 026,Nagdaha,777
524 2 04 21,Ramechhap,524 2 04 21 5 027,Namadi,827
524 2 04 21,Ramechhap,524 2 04 21 5 028,Farpu,403
524 2 04 21,Ramechhap,524 2 04 21 5 029,Tilpung,268
524 2 04 21,Ramechhap,524 2 04 21 5 031,Bhaluwajor,374
524 2 04 21,Ramechhap,524 2 04 21 5 032,Bethan,561
524 2 04 21,Ramechhap,524 2 04 21 5 033,Dimipokhari,726
524 2 04 21,Ramechhap,524 2 04 21 5 034,Gunsi Bhadaure,662
524 2 04 21,Ramechhap,524 2 04 21 5 035,Hiledevi,631
524 2 04 21,Ramechhap,524 2 04 21 5 036,Khaniyapani,558
524 2 04 21,Ramechhap,524 2 04 21 5 037,Lakhanpur,1196
524 2 04 21,Ramechhap,524 2 04 21 5 038,Khandadevi,740
524 2 04 21,Ramechhap,524 2 04 21 5 039,Makadum,180
524 2 04 21,Ramechhap,524 2 04 21 5 040,Majuwa,295
524 2 04 21,Ramechhap,524 2 04 21 5 041,Pakarbas,265
524 2 04 21,Ramechhap,524 2 04 21 5 042,Rakathum,186
524 2 04 21,Ramechhap,524 2 04 21 5 043,Bhirpani,217
524 2 04 21,Ramechhap,524 2 04 21 5 044,Gagal Bhadaure,327
524 2 04 21,Ramechhap,524 2 04 21 5 046,Chanakhu,152
524 2 04 21,Ramechhap,524 2 04 21 5 048,Pinkhuri,234
524 2 04 21,Ramechhap,524 2 04 21 5 049,Puranagaun,200
524 2 04 21,Ramechhap,524 2 04 21 5 050,Dadhuwa,1016
524 2 04 21,Ramechhap,524 2 04 21 5 051,Doramba,794
524 2 04 21,Ramechhap,524 2 04 21 5 052,Gelu,456
524 2 04 21,Ramechhap,524 2 04 21 5 053,Goswara,770
524 2 04 21,Ramechhap,524 2 04 21 5 054,Phulasi,983
524 2 04 21,Ramechhap,524 2 04 21 5 055,Tokarpur,646
524 2 05 29,Rasuwa,524 2 05 29 5 001,Haku,443
524 2 05 29,Rasuwa,524 2 05 29 5 002,Dhunche,714
524 2 05 29,Rasuwa,524 2 05 29 5 003,Yarsa,820
524 2 05 29,Rasuwa,524 2 05 29 5 004,Saramthali,821
524 2 05 29,Rasuwa,524 2 05 29 5 005,Bhorle,652
524 2 05 29,Rasuwa,524 2 05 29 5 006,Dhaibung,836
524 2 05 29,Rasuwa,524 2 05 29 5 007,Laharepouwa,453
524 2 05 29,Rasuwa,524 2 05 29 5 008,Ramche,489
524 2 05 29,Rasuwa,524 2 05 29 5 009,Dandagoun,437
524 2 05 29,Rasuwa,524 2 05 29 5 010,Thulogoun,50
524 2 05 29,Rasuwa,524 2 05 29 5 011,Gatlang,400
524 2 05 29,Rasuwa,524 2 05 29 5 012,Chilime,340
524 2 05 29,Rasuwa,524 2 05 29 5 013,Timure,130
524 2 05 29,Rasuwa,524 2 05 29 5 014,Thuman,239
524 2 05 29,Rasuwa,524 2 05 29 5 015,Langtang,152
524 2 05 29,Rasuwa,524 2 05 29 5 016,Bridhim,161
524 2 05 29,Rasuwa,524 2 05 29 5 017,Syafru,621
524 2 05 29,Rasuwa,524 2 05 29 5 018,Goljung,269
524 2 04 20,Sindhuli,524 2 04 20 3 001,Kamalamai Municipality,148
524 2 04 20,Sindhuli,524 2 04 20 5 001,Khang Sang,167
524 2 04 20,Sindhuli,524 2 04 20 5 002,Kholagaun,391
524 2 04 20,Sindhuli,524 2 04 20 5 003,Mahadevdada,657
524 2 04 20,Sindhuli,524 2 04 20 5 004,Ratnawati,435
524 2 04 20,Sindhuli,524 2 04 20 5 005,Solpathana,198
524 2 04 20,Sindhuli,524 2 04 20 5 006,Sunam Pokhari,178
524 2 04 20,Sindhuli,524 2 04 20 5 007,Arunthakur,321
524 2 04 20,Sindhuli,524 2 04 20 5 009,Kakur Thakur,145
524 2 04 20,Sindhuli,524 2 04 20 5 012,Bahuntilpung,312
524 2 04 20,Sindhuli,524 2 04 20 5 014,Jinakhu,462
524 2 04 20,Sindhuli,524 2 04 20 5 015,Lampantar,75
524 2 04 20,Sindhuli,524 2 04 20 5 017,Ambote,436
524 2 04 20,Sindhuli,524 2 04 20 5 018,Tosramkhola,234
524 2 04 20,Sindhuli,524 2 04 20 5 020,Ranichuri,589
524 2 04 20,Sindhuli,524 2 04 20 5 022,Bitijor Bagaiya,128
524 2 04 20,Sindhuli,524 2 04 20 5 023,Baseshwor,173
524 2 04 20,Sindhuli,524 2 04 20 5 024,Bhuwaneshori Gwaltar,62
524 2 04 20,Sindhuli,524 2 04 20 5 025,Dudbhanjyang,217
524 2 04 20,Sindhuli,524 2 04 20 5 026,Ratanchura,289
524 2 04 20,Sindhuli,524 2 04 20 5 027,Tinkanya,466
524 2 04 20,Sindhuli,524 2 04 20 5 028,Balajor,276
524 2 04 20,Sindhuli,524 2 04 20 5 030,Bhimsthan,105
524 2 04 20,Sindhuli,524 2 04 20 5 032,Jarayotar,115
524 2 04 20,Sindhuli,524 2 04 20 5 034,Bhadrakali,449
524 2 04 20,Sindhuli,524 2 04 20 5 035,Jalkanya,258
524 2 04 20,Sindhuli,524 2 04 20 5 036,Bhimeshwor,71
524 2 04 20,Sindhuli,524 2 04 20 5 038,Mahadevsthan,354
524 2 04 20,Sindhuli,524 2 04 20 5 040,Kapilakot,150
524 2 04 20,Sindhuli,524 2 04 20 5 044,Jhangajholi Ratmata,181
524 2 04 20,Sindhuli,524 2 04 20 5 045,Amale,158
524 2 04 20,Sindhuli,524 2 04 20 5 046,Bastipur,377
524 2 04 20,Sindhuli,524 2 04 20 5 047,Netrakali,367
524 2 04 20,Sindhuli,524 2 04 20 5 048,Santeswori  Rampur,170
524 2 04 20,Sindhuli,524 2 04 20 5 049,Tamajor,317
524 2 04 20,Sindhuli,524 2 04 20 5 050,Kuseswor Dumja,512
524 2 04 20,Sindhuli,524 2 04 20 5 051,Majhuwa,373
524 2 04 20,Sindhuli,524 2 04 20 5 052,Purano Jhangajholi,296
524 2 04 20,Sindhuli,524 2 04 20 5 053,Sitalpati,85
524 2 05 23,Sindhupalchowk,524 2 05 23 5 001,Karthali,765
524 2 05 23,Sindhupalchowk,524 2 05 23 5 002,Barhabise,742
524 2 05 23,Sindhupalchowk,524 2 05 23 5 003,Gati,874
524 2 05 23,Sindhupalchowk,524 2 05 23 5 004,Marming,718
524 2 05 23,Sindhupalchowk,524 2 05 23 5 005,Fulpingkatti,783
524 2 05 23,Sindhupalchowk,524 2 05 23 5 006,Tatopani,1733
524 2 05 23,Sindhupalchowk,524 2 05 23 5 007,Listikot,949
524 2 05 23,Sindhupalchowk,524 2 05 23 5 008,Dhumthang,851
524 2 05 23,Sindhupalchowk,524 2 05 23 5 009,Maneswnara,577
524 2 05 23,Sindhupalchowk,524 2 05 23 5 010,Petaku,324
524 2 05 23,Sindhupalchowk,524 2 05 23 5 011,Jethal,620
524 2 05 23,Sindhupalchowk,524 2 05 23 5 012,Tekanpur,151
524 2 05 23,Sindhupalchowk,524 2 05 23 5 013,Tauthali,642
524 2 05 23,Sindhupalchowk,524 2 05 23 5 014,Piskar,538
524 2 05 23,Sindhupalchowk,524 2 05 23 5 015,Dhuskun,637
524 2 05 23,Sindhupalchowk,524 2 05 23 5 016,Chokati,627
524 2 05 23,Sindhupalchowk,524 2 05 23 5 017,Ghorthali,465
524 2 05 23,Sindhupalchowk,524 2 05 23 5 018,Thokarpa,778
524 2 05 23,Sindhupalchowk,524 2 05 23 5 019,Kalika,61
524 2 05 23,Sindhupalchowk,524 2 05 23 5 020,Lisankhu,938
524 2 05 23,Sindhupalchowk,524 2 05 23 5 021,Thulo Dhading,445
524 2 05 23,Sindhupalchowk,524 2 05 23 5 022,Atarpur,464
524 2 05 23,Sindhupalchowk,524 2 05 23 5 023,Sunkhani,556
524 2 05 23,Sindhupalchowk,524 2 05 23 5 024,Yamunadanda,155
524 2 05 23,Sindhupalchowk,524 2 05 23 5 025,Thulo Pakhar,758
524 2 05 23,Sindhupalchowk,524 2 05 23 5 026,Thum Pakhar,614
524 2 05 23,Sindhupalchowk,524 2 05 23 5 027,Pagretar,116
524 2 05 23,Sindhupalchowk,524 2 05 23 5 028,Ramche,730
524 2 05 23,Sindhupalchowk,524 2 05 23 5 029,Mankha,618
524 2 05 23,Sindhupalchowk,524 2 05 23 5 030,Fulpingdanda,166
524 2 05 23,Sindhupalchowk,524 2 05 23 5 031,Gloche,731
524 2 05 23,Sindhupalchowk,524 2 05 23 5 032,Selang,526
524 2 05 23,Sindhupalchowk,524 2 05 23 5 033,Batase,766
524 2 05 23,Sindhupalchowk,524 2 05 23 5 034,Syaule Bazar,833
524 2 05 23,Sindhupalchowk,524 2 05 23 5 035,Chautara,1113
524 2 05 23,Sindhupalchowk,524 2 05 23 5 036,Pipaldanda,372
524 2 05 23,Sindhupalchowk,524 2 05 23 5 038,Irkhu,614
524 2 05 23,Sindhupalchowk,524 2 05 23 5 039,Sanusiruwari,148
524 2 05 23,Sindhupalchowk,524 2 05 23 5 040,Kadambas,353
524 2 05 23,Sindhupalchowk,524 2 05 23 5 041,Thulo Sirubari,439
524 2 05 23,Sindhupalchowk,524 2 05 23 5 042,Sangachok,588
524 2 05 23,Sindhupalchowk,524 2 05 23 5 044,Badegau,492
524 2 05 23,Sindhupalchowk,524 2 05 23 5 046,Kunchok,282
524 2 05 23,Sindhupalchowk,524 2 05 23 5 047,Sipal Kavre,536
524 2 05 23,Sindhupalchowk,524 2 05 23 5 048,Nawalpur,797
524 2 05 23,Sindhupalchowk,524 2 05 23 5 049,Fulpingkot,735
524 2 05 23,Sindhupalchowk,524 2 05 23 5 050,Jalbire,251
524 2 05 23,Sindhupalchowk,524 2 05 23 5 051,Hagam,818
524 2 05 23,Sindhupalchowk,524 2 05 23 5 053,Baramchi,646
524 2 05 23,Sindhupalchowk,524 2 05 23 5 054,Banskharka,588
524 2 05 23,Sindhupalchowk,524 2 05 23 5 055,Dubachour,1028
524 2 05 23,Sindhupalchowk,524 2 05 23 5 056,Palchok,489
524 2 05 23,Sindhupalchowk,524 2 05 23 5 057,Gumba,674
524 2 05 23,Sindhupalchowk,524 2 05 23 5 058,Ichok,1270
524 2 05 23,Sindhupalchowk,524 2 05 23 5 059,Mahankal,776
524 2 05 23,Sindhupalchowk,524 2 05 23 5 060,Talamarang,383
524 2 05 23,Sindhupalchowk,524 2 05 23 5 061,Melamchi,262
524 2 05 23,Sindhupalchowk,524 2 05 23 5 062,Sindhukot,508
524 2 05 23,Sindhupalchowk,524 2 05 23 5 063,Bhotechaur,605
524 2 05 23,Sindhupalchowk,524 2 05 23 5 064,Thampal Chhap,533
524 2 05 23,Sindhupalchowk,524 2 05 23 5 065,Helambu,656
524 2 05 23,Sindhupalchowk,524 2 05 23 5 066,Bansbari,265
524 2 05 23,Sindhupalchowk,524 2 05 23 5 067,Gunsakot,449
524 2 05 23,Sindhupalchowk,524 2 05 23 5 068,Thangpalkot,653
524 2 05 23,Sindhupalchowk,524 2 05 23 5 069,Bhotang,624
524 2 05 23,Sindhupalchowk,524 2 05 23 5 070,Baruwa,487
524 2 05 23,Sindhupalchowk,524 2 05 23 5 071,Thakani,718
524 2 05 23,Sindhupalchowk,524 2 05 23 5 072,Pangtang,453
524 2 05 23,Sindhupalchowk,524 2 05 23 5 073,Kiwool,764
524 2 05 23,Sindhupalchowk,524 2 05 23 5 075,Jyamire,900
524 2 05 23,Sindhupalchowk,524 2 05 23 5 076,Langarche,592
524 2 05 23,Sindhupalchowk,524 2 05 23 5 077,Bhote Namlang,639
524 2 05 23,Sindhupalchowk,524 2 05 23 5 079,Haibung,576
